<?xml version="1.0" encoding="UTF-8" standalone="yes"?>
<addon id="repository.Andrea399" name="Andrea399's Kodi Add-on" version="1.0" provider-name="Andrea399 [a.sant@serielsrl.it]">
	<extension point="xbmc.addon.repository" name="Andreas399's KODI Addon Repository">
		<info compressed="false">http://github.com/Andrea399/Kodi/raw/master/addons.xml</info>
		<checksum>http://github.com/Andrea399/Kodi/raw/master/addons.xml.md5</checksum>
		<datadir zip="true">http://github.com/Andrea399/Kodi/raw/master/</datadir>
	</extension>
	<extension point="xbmc.addon.metadata">
		<summary>Install Andrea399's KODI-addons</summary>
		<description>Download and install addons by Andrea399</description>
		<platform>all</platform>
	</extension>
</addon>